Book Id,Title,Author,Author l-f,Additional Authors,ISBN,ISBN13,My Rating,Average Rating,Publisher,Binding,Number of Pages,Year Published,Original Publication Year,Date Read,Date Added,Bookshelves,Bookshelves with positions,Exclusive Shelf,My Review,Spoiler,Private Notes,Read Count,Owned Copies
5907,"The Hobbit, or There and Back Again",J.R.R. Tolkien,"Tolkien, J.R.R.","Douglas A. Anderson, Michael Hague, Jemima Catlin","=""""","=""""",4,4.30,Houghton Mifflin,Paperback,366,2002,1937,2026/01/19,2025/05/20,buy,buy (#23),read,,,,1,0
224970641,The Knight and the Butcherbird,Alix E. Harrow,"Harrow, Alix E.",,"=""1662527233""","=""9781662527234""",2,4.01,Amazon Original Stories,ebook,36,2025,2025,2026/01/05,2025/03/18,buy,buy (#24),read,,,,1,0
62993337,"Murder at Spindle Manor (The Lamplight Murder Mysteries, #1)",Morgan Stang,"Stang, Morgan",,"=""""","=""""",2,4.01,,Kindle Edition,249,2022,2022,2026/01/03,2025/07/30,,,read,,,,1,0
20518872,"The Three-Body Problem (Remembrance of Earth’s Past, #1)",Liu Cixin,"Cixin, Liu",Ken Liu,"=""""","=""""",0,4.08,Tor Books,Hardcover,472,2014,2006,,2024/09/01,"to-read, bought, high-priority","to-read (#1), bought (#25), high-priority (#12)",to-read,,,,0,0
36454667,"Empire of Silence (The Sun Eater, #1)",Christopher Ruocchio,"Ruocchio, Christopher",,"=""0756413028""","=""9780756413026""",0,3.96,DAW,Kindle Edition,753,2018,2018,,2024/10/31,"to-read, on-my-kindle, med-priority, uncertain","to-read (#4), on-my-kindle (#2), med-priority (#12), uncertain (#27)",to-read,,,,0,0
43587154,"Jade City (The Green Bone Saga, #1)",Fonda Lee,"Lee, Fonda",,"=""0316440884""","=""9780316440882""",0,4.06,Orbit,Paperback,540,2018,2017,,2024/09/01,"to-read, on-my-kindle, bought, med-priority","to-read (#2), on-my-kindle (#4), bought (#24), med-priority (#11)",to-read,,,,0,0
8855321,"Leviathan Wakes (The Expanse, #1)",James S.A. Corey,"Corey, James S.A.",,"=""1841499889""","=""9781841499888""",0,4.31,Orbit,Paperback,561,2011,2011,,2025/02/24,"to-read, med-priority","to-read (#14), med-priority (#10)",to-read,,,,0,0
13543121,Between Two Fires,Christopher Buehlman,"Buehlman, Christopher",,"=""1937007863""","=""9781937007867""",0,4.22,Ace,Hardcover,432,2012,2012,,2024/12/28,"to-read, not-a-priority, uncertain","to-read (#9), not-a-priority (#8), uncertain (#26)",to-read,,,,0,0
1268479,Warbreaker,Brandon Sanderson,"Sanderson, Brandon",,"=""""","=""""",0,4.29,Self-published,ebook,688,2009,2009,,2026/01/06,"on-my-kindle, tbd, uncertain","on-my-kindle (#21), tbd (#75), uncertain (#25)",tbd,,,,0,0
104089,Tigana,Guy Gavriel Kay,"Kay, Guy Gavriel",,"=""0451457765""","=""9780451457769""",0,4.08,Berkley,Paperback,676,1999,1990,,2026/01/05,tbd,tbd (#74),tbd,,,,0,0
7235533,"The Way of Kings (The Stormlight Archive, #1)",Brandon Sanderson,"Sanderson, Brandon",,"=""0765326353""","=""9780765326355""",0,4.66,Tor Books,Hardcover,1007,2010,2010,,2026/01/01,"on-my-kindle, uncertain, to-read","on-my-kindle (#19), uncertain (#24), to-read (#51)",to-read,,,,0,0
210223811,Katabasis,R.F. Kuang,"Kuang, R.F.",,"=""""","=""""",0,3.79,HarperVoyager,Kindle Edition,559,2025,2025,,2025/07/10,"to-read, bought, med-priority, on-my-kindle","to-read (#17), bought (#28), med-priority (#7), on-my-kindle (#20)",to-read,,,,0,0
186074,"The Name of the Wind (The Kingkiller Chronicle, #1)",Patrick Rothfuss,"Rothfuss, Patrick",,"=""075640407X""","=""9780756404079""",0,4.52,Penguin Group DAW,Hardcover,662,2007,2007,,2025/01/10,"tbd, uncertain","tbd (#73), uncertain (#23)",tbd,,,,0,0
2767793,"The Hero of Ages (Mistborn, #3)",Brandon Sanderson,"Sanderson, Brandon",,"=""0765316897""","=""9780765316899""",3,4.56,Tor Books,Hardcover,572,2008,2008,2025/12/31,2025/01/17,buy,buy (#7),read,,,,1,0
34219873,"Nevermoor: The Trials of Morrigan Crow (Nevermoor, #1)",Jessica Townsend,"Townsend, Jessica",Jim Madsen,"=""0316439959""","=""9780316439954""",0,4.31,"Little, Brown Books for Young Readers",Hardcover,465,2017,2017,,2025/12/31,"tbd, uncertain","tbd (#72), uncertain (#22)",tbd,,,,0,0
68427,"Elantris (Elantris, #1)",Brandon Sanderson,"Sanderson, Brandon",,"=""0765350378""","=""9780765350374""",0,4.17,Tor Fantasy,Mass Market Paperback,638,2006,2005,,2025/07/26,"uncertain, tbd","uncertain (#9), tbd (#71)",tbd,,,,0,0
63068384,Tress of the Emerald Sea,Brandon Sanderson,"Sanderson, Brandon",Howard Lyon,"=""1250899656""","=""9781250899651""",0,4.32,Tor Books,Hardcover,384,2023,2023,,2025/03/18,"uncertain, tbd","uncertain (#21), tbd (#70)",tbd,,,,1,0
334176,"The Sparrow (The Sparrow, #1)",Mary Doria Russell,"Russell, Mary Doria",,"=""0449912558""","=""9780449912553""",0,4.14,Ballantine Books,Paperback,419,1997,1996,,2025/12/26,"to-read, med-priority","to-read (#50), med-priority (#9)",to-read,,,,0,0
210204151,Babylonia,Costanza Casati,"Casati, Costanza",,"=""1464228213""","=""9781464228216""",0,4.08,Sourcebooks Landmark,Hardcover,432,2025,2024,,2025/08/28,"to-read, med-priority, on-my-kindle","to-read (#36), med-priority (#2), on-my-kindle (#18)",to-read,,,,0,0
212174157,"The Raven Scholar (Eternal Path Trilogy, #1)",Antonia Hodgson,"Hodgson, Antonia",,"=""152933988X""","=""9781529339888""",0,4.44,Hodderscape,Kindle Edition,656,2025,2025,,2025/08/18,"to-read, med-priority, on-my-kindle","to-read (#37), med-priority (#5), on-my-kindle (#17)",to-read,,,,0,0
43521682,"The Bone Ships (The Tide Child, #1)",R.J.  Barker,"Barker, R.J.",,"=""0316487961""","=""9780316487962""",0,4.03,Orbit,Paperback,471,2019,2019,,2025/08/09,"to-read, high-priority, on-my-kindle","to-read (#39), high-priority (#5), on-my-kindle (#16)",to-read,,,,0,0
213618143,"A Drop of Corruption (Shadow of the Leviathan, #2)",Robert Jackson Bennett,"Bennett, Robert Jackson",,"=""0593723821""","=""9780593723821""",0,4.49,Del Rey,Hardcover,461,2025,2025,,2025/08/16,"to-read, high-priority, buy, on-my-kindle","to-read (#19), high-priority (#1), buy (#20), on-my-kindle (#15)",to-read,,,,0,0
311196,Frederica,Georgette Heyer,"Heyer, Georgette",,"=""0099465647""","=""9780099465645""",0,4.20,Arrow,Paperback,386,1992,1965,,2025/11/02,"to-read, not-a-priority","to-read (#49), not-a-priority (#7)",to-read,,,,0,0
311150,Arabella,Georgette Heyer,"Heyer, Georgette",,"=""0099465620""","=""9780099465621""",0,4.10,Arrow Books Ltd.,Paperback,280,2004,1949,,2025/11/02,"to-read, low-priority","to-read (#48), low-priority (#14)",to-read,,,,0,0
589979,"Daughter of the Empire (The Empire Trilogy, #1)",Raymond E. Feist,"Feist, Raymond E.",Janny Wurts,"=""055327211X""","=""9780553272116""",0,4.29,Spectra,Mass Market Paperback,421,1988,1987,,2025/11/09,"to-read, high-priority","to-read (#47), high-priority (#11)",to-read,,,,0,0
50663055,Elder Race (Elder Race #1),Adrian Tchaikovsky,"Tchaikovsky, Adrian",,"=""1250768721""","=""9781250768728""",0,4.09,Tordotcom,Paperback,199,2021,2021,,2025/12/20,"to-read, high-priority","to-read (#46), high-priority (#10)",to-read,,,,0,0
95558,Solaris,Stanisław Lem,"Lem, Stanisław","Steve Cox, Joanna Kilmartin","=""""","=""""",0,3.98,Harcourt,Paperback,204,2002,1961,,2025/12/20,tbd,tbd (#69),tbd,,,,0,0
8909,The War of the Worlds,H.G. Wells,"Wells, H.G.",Arthur C. Clarke,"=""0375759239""","=""9780375759239""",0,3.83,Random House Publishing Group,Paperback,192,2002,1898,,2025/02/18,"tbd, on-my-kindle, poetry-classics","tbd (#3), on-my-kindle (#7), poetry-classics (#8)",tbd,,,,0,0
23395680,"Illuminae (The Illuminae Files, #1)",Amie Kaufman,"Kaufman, Amie",Jay Kristoff,"=""0553499114""","=""9780553499117""",0,4.24,Knopf Books for Young Readers,Hardcover,608,2015,2015,,2025/08/09,"to-read, med-priority","to-read (#45), med-priority (#8)",to-read,,,,0,0
51893,Thus Spoke Zarathustra,Friedrich Nietzsche,"Nietzsche, Friedrich","Domenico Ciampoli, Silvia Cecchini, Walter Kaufmann","=""""","=""""",0,4.07,Penguin Books,Paperback,327,1978,1883,,2025/05/24,"tbd, poetry-classics","tbd (#26), poetry-classics (#7)",tbd,,,,0,0
32277642,The King in Yellow,Robert W. Chambers,"Chambers, Robert W.",,"=""153905344X""","=""9781539053446""",0,3.54,Createspace Independent Publishing Platform,Paperback,224,2016,1895,,2025/10/31,"tbd, poetry-classics","tbd (#52), poetry-classics (#6)",tbd,,,,0,0
6294,"Howl’s Moving Castle (Howl’s Moving Castle, #1)",Diana Wynne Jones,"Jones, Diana Wynne",,"=""006441034X""","=""9780064410342""",0,4.28,Harper Trophy,Mass Market Paperback,329,2001,1986,,2025/11/25,"tbd, uncertain","tbd (#60), uncertain (#20)",tbd,,,,0,0
175515,The Fall of the House of Usher and Other Writings,Edgar Allan Poe,"Poe, Edgar Allan",David Galloway,"=""0141439815""","=""9780141439815""",0,4.13,Penguin Books,Paperback,488,2003,1967,,2025/04/21,"tbd, poetry-classics","tbd (#16), poetry-classics (#5)",tbd,,,,0,0
304079,The Essential Rumi,Coleman Barks,"Barks, Coleman","Jalal ad-Din Muhammad ar-Rumi, John Moyne","=""0062509594""","=""9780062509598""",0,4.39,HarperOne,Paperback,416,2004,1273,,2025/10/27,"tbd, uncertain, poetry-classics","tbd (#68), uncertain (#19), poetry-classics (#4)",tbd,,,,0,0
19351,The Epic of Gilgamesh,Anonymous,"Anonymous, Anonymous","Morris Jastrow Jr., John H. Marks, Herbert Mason, John Maier, N.K. Sandars","=""0141026286""","=""9780141026282""",0,3.75,Penguin Books Limited,Paperback,72,2006,-2000,,2025/06/01,"poetry-classics, to-read","poetry-classics (#3), to-read (#44)",to-read,,,,0,0
7728,"Antigone (Theban Plays, #3)",Sophocles,"Sophocles, Sophocles",,"=""1580493882""","=""9781580493888""",0,3.68,"Prestwick House, Inc.",Paperback,80,2005,-441,,2025/06/01,"tbd, uncertain, poetry-classics","tbd (#28), uncertain (#18), poetry-classics (#2)",tbd,,,,0,0
3836,Don Quixote,Miguel de Cervantes Saavedra,"Saavedra, Miguel de Cervantes","Roberto González Echevarría, John Rutherford","=""""","=""""",0,3.91,Penguin Books,Paperback,1023,2003,1615,,2025/11/19,"tbd, poetry-classics","tbd (#59), poetry-classics (#1)",tbd,,,,0,0
52504334,"A Master of Djinn (Dead Djinn Universe, #1)",P. Djèlí Clark,"Clark, P. Djèlí",,"=""1250267676""","=""9781250267672""",0,4.00,Tordotcom,Kindle Edition,438,2021,2021,,2025/10/19,"tbd, uncertain","tbd (#51), uncertain (#17)",tbd,,,,0,0
62229748,The Seven Deaths of Evelyn Hardcastle,Stuart Turton,"Turton, Stuart",,"=""1408889560""","=""9781408889565""",0,3.78,Raven Books,Hardcover,525,2022,2018,,2025/08/15,"tbd, uncertain","tbd (#41), uncertain (#16)",tbd,,,,0,0
24885533,The Paper Menagerie and Other Stories,Ken Liu,"Liu, Ken",,"=""1481442546""","=""9781481442541""",0,4.35,Gallery / Saga Press,Hardcover,450,2016,2016,,2025/08/13,"tbd, uncertain","tbd (#38), uncertain (#15)",tbd,,,,0,0
4406,East of Eden,John Steinbeck,"Steinbeck, John",,"=""0142000655""","=""9780142000656""",0,4.44,Penguin Books,Paperback,601,2002,1952,,2025/11/14,"tbd, uncertain","tbd (#57), uncertain (#14)",tbd,,,,0,0
41952489,"The Rage of Dragons (The Burning, #1)",Evan Winter,"Winter, Evan",,"=""031648976X""","=""9780316489768""",0,4.31,Orbit,Hardcover,535,2019,2017,,2024/09/09,"on-my-kindle, uncertain, tbd","on-my-kindle (#3), uncertain (#11), tbd (#67)",tbd,,,,0,0
25300956,"Royal Assassin (Farseer Trilogy, #2)",Robin Hobb,"Hobb, Robin",,"=""""","=""""",0,4.29,Spectra,Kindle Edition,675,2015,1996,,2025/10/03,"to-read, buy, low-priority","to-read (#21), buy (#17), low-priority (#13)",to-read,,,,0,0
61190770,Chain-Gang All-Stars,Nana Kwame Adjei-Brenyah,"Adjei-Brenyah, Nana Kwame",,"=""0593317335""","=""9780593317334""",0,4.11,Pantheon,Hardcover,367,2023,2023,,2024/12/24,"to-read, on-my-kindle, buy, high-priority","to-read (#6), on-my-kindle (#5), buy (#4), high-priority (#9)",to-read,,,,0,0
57945316,Babel,R.F. Kuang,"Kuang, R.F.",,"=""0063021420""","=""9780063021426""",0,4.14,Harper Voyager,Hardcover,544,2022,2022,,2024/09/01,"bought, to-read, high-priority","bought (#23), to-read (#18), high-priority (#8)",to-read,,,,1,0
28449207,"Strange the Dreamer (Strange the Dreamer, #1)",Laini Taylor,"Taylor, Laini",,"=""0316341681""","=""9780316341684""",0,4.28,"Little, Brown Books for Young Readers",Hardcover,544,2017,2017,,2025/03/18,"to-read, on-my-kindle, high-priority","to-read (#13), on-my-kindle (#8), high-priority (#7)",to-read,,,,0,0
20174424,"City of Stairs (The Divine Cities, #1)",Robert Jackson Bennett,"Bennett, Robert Jackson",,"=""080413717X""","=""9780804137171""",0,4.10,Del Rey,Paperback,452,2014,2014,,2025/04/15,"to-read, low-priority","to-read (#27), low-priority (#12)",to-read,,,,0,0
944073,"The Blade Itself (The First Law, #1)",Joe Abercrombie,"Abercrombie, Joe",,"=""0575079797""","=""9780575079793""",0,4.22,Gollancz,Paperback,515,2007,2006,,2025/04/04,"to-read, low-priority","to-read (#32), low-priority (#11)",to-read,,,,0,0
26892110,The Library at Mount Char,Scott  Hawkins,"Hawkins, Scott",,"=""0553418629""","=""9780553418620""",0,4.06,Broadway Books,Paperback,390,2016,2015,,2025/06/01,"to-read, on-my-kindle, low-priority","to-read (#16), on-my-kindle (#12), low-priority (#10)",to-read,,,,0,0
50523477,"The Jasmine Throne (The Burning Kingdoms, #1)",Tasha Suri,"Suri, Tasha",,"=""0356515648""","=""9780356515649""",0,4.10,Orbit,Paperback,533,2021,2021,,2025/03/20,"to-read, low-priority","to-read (#31), low-priority (#9)",to-read,,,,0,0
228665,"The Eye of the World (The Wheel of Time, #1)",Robert Jordan,"Jordan, Robert",,"=""0812511816""","=""9780812511819""",0,4.19,Tor Books,Mass Market Paperback,800,1990,1990,,2024/12/27,"to-read, on-my-kindle, uncertain","to-read (#8), on-my-kindle (#6), uncertain (#12)",to-read,,,,0,0
22544764,Uprooted,Naomi Novik,"Novik, Naomi",,"=""0804179034""","=""9780804179034""",0,4.02,Del Rey,Hardcover,438,2015,2015,,2025/04/11,"to-read, uncertain","to-read (#20), uncertain (#10)",to-read,,,,0,0
60387416,"The Children of Gods and Fighting Men (Gael Song, #1)",Shauna Lawless,"Lawless, Shauna",,"=""""","=""""",0,4.08,Head of Zeus,Kindle Edition,416,2022,2022,,2025/05/17,"to-read, high-priority","to-read (#42), high-priority (#6)",to-read,,,,0,0
40864002,"A Psalm for the Wild-Built (Monk & Robot, #1)",Becky Chambers,"Chambers, Becky",,"=""""","=""""",0,4.22,Tordotcom,ebook,151,2021,2021,,2025/05/17,"to-read, low-priority","to-read (#34), low-priority (#8)",to-read,,,,0,0
60784306,"The Lies of the Ajungo (Forever Desert, #1)",Moses Ose Utomi,"Utomi, Moses Ose",,"=""1250849063""","=""9781250849069""",0,4.20,Tordotcom,Hardcover,87,2023,2023,,2025/05/22,"to-read, low-priority","to-read (#15), low-priority (#7)",to-read,,,,0,0
15819028,"The Golem and the Jinni (The Golem and the Jinni, #1)",Helene Wecker,"Wecker, Helene",,"=""0062110837""","=""9780062110831""",0,4.13,Harper,Hardcover,486,2013,2013,,2025/06/01,"to-read, low-priority","to-read (#28), low-priority (#6)",to-read,,,,0,0
23444482,"The Traitor Baru Cormorant (The Masquerade, #1)",Seth Dickinson,"Dickinson, Seth",,"=""0765380722""","=""9780765380722""",0,4.04,Tor Books / Tom Doherty Associates ,Hardcover,399,2015,2015,,2025/06/01,"to-read, low-priority","to-read (#30), low-priority (#5)",to-read,,,,0,0
29758013,"The Ninth Rain (The Winnowing Flame Trilogy, #1)",Jen Williams,"Williams, Jen",,"=""1472235177""","=""9781472235176""",0,4.08,Headline Book Publishing,Paperback,544,2017,2017,,2025/07/02,"to-read, med-priority","to-read (#41), med-priority (#6)",to-read,,,,0,0
54680112,The Kingdoms,Natasha Pulley,"Pulley, Natasha",,"=""1635576083""","=""9781635576085""",0,4.02,Bloomsbury Publishing,Hardcover,448,2021,2021,,2025/08/09,"to-read, med-priority","to-read (#38), med-priority (#4)",to-read,,,,0,0
12666103,A Face Like Glass,Frances Hardinge,"Hardinge, Frances",,"=""0230763502""","=""9780230763500""",0,4.19,Pan Macmillan Children's,Paperback,496,2012,2012,,2025/08/09,"to-read, med-priority","to-read (#33), med-priority (#3)",to-read,,,,0,0
104101,The Lions of Al-Rassan,Guy Gavriel Kay,"Kay, Guy Gavriel",,"=""0060733497""","=""9780060733490""",0,4.30,Harper Voyager,Paperback,528,2005,1995,,2025/08/13,"to-read, high-priority","to-read (#26), high-priority (#4)",to-read,,,,0,0
18423,The Left Hand of Darkness,Ursula K. Le Guin,"Guin, Ursula K. Le",,"=""""","=""""",0,4.10,Ace,Paperback,304,2000,1969,,2025/08/15,"to-read, high-priority","to-read (#35), high-priority (#3)",to-read,,,,0,0
43916,"Magician (The Riftwar Saga, #1-2)",Raymond E. Feist,"Feist, Raymond E.",,"=""0586217835""","=""9780586217832""",0,4.32,HarperCollins,Paperback,681,2009,1982,,2025/08/22,"to-read, on-my-kindle, low-priority","to-read (#25), on-my-kindle (#13), low-priority (#4)",to-read,,,,0,0
13578175,The Emperor's Soul,Brandon Sanderson,"Sanderson, Brandon",,"=""1616960922""","=""9781616960926""",0,4.37,Tachyon Publications,Paperback,175,2012,2012,,2025/11/22,"to-read, med-priority","to-read (#40), med-priority (#1)",to-read,,,,0,0
57127277,Kaikeyi,Vaishnavi Patel,"Patel, Vaishnavi",,"=""0759557330""","=""9780759557338""",0,4.17,Redhook,Hardcover,478,2022,2022,,2025/01/06,"on-my-kindle, uncertain, to-read","on-my-kindle (#14), uncertain (#8), to-read (#43)",to-read,,,,0,0
39873472,"A Memory Called Empire (Teixcalaan, #1)",Arkady Martine,"Martine, Arkady",,"=""1250186455""","=""9781250186454""",0,4.11,Tor Books,Kindle Edition,472,2019,2019,,2025/10/13,"to-read, low-priority","to-read (#29), low-priority (#3)",to-read,,,,0,0
311151,The Quiet Gentleman,Georgette Heyer,"Heyer, Georgette",,"=""0373836848""","=""9780373836840""",0,4.04,Harlequin ,Mass Market Paperback,416,2006,1951,,2025/12/04,tbd,tbd (#66),tbd,,,,0,0
311164,Black Sheep,Georgette Heyer,"Heyer, Georgette",,"=""0099468034""","=""9780099468035""",0,4.11,Arrow,Paperback,252,2004,1966,,2025/12/04,tbd,tbd (#65),tbd,,,,0,0
311308,"Devil's Cub (Alastair-Audley, #2)",Georgette Heyer,"Heyer, Georgette",,"=""0099465833""","=""9780099465836""",0,4.23,Arrow,Paperback,282,2004,1932,,2025/12/04,tbd,tbd (#64),tbd,,,,0,0
311182,"These Old Shades (Alastair-Audley, #1)",Georgette Heyer,"Heyer, Georgette",,"=""0099465825""","=""9780099465829""",0,4.10,Arrow,Paperback,352,2001,1926,,2025/12/04,tbd,tbd (#63),tbd,,,,0,0
223420465,King Sorrow,Joe Hill,"Hill, Joe",,"=""0062200607""","=""9780062200600""",0,4.43,William Morrow,Hardcover,896,2025,2025,,2025/12/01,tbd,tbd (#62),tbd,,,,0,0
211004176,The River Has Roots,Amal El-Mohtar,"El-Mohtar, Amal",,"=""1250341086""","=""9781250341082""",5,3.96,Tordotcom,Hardcover,105,2025,2025,2025/11/30,2025/05/07,bought,bought (#33),read,,,,1,0
9361589,The Night Circus,Erin Morgenstern,"Morgenstern, Erin",,"=""""","=""9780385534635""",0,4.00,Doubleday,Hardcover,506,2011,2011,,2025/11/26,tbd,tbd (#61),tbd,,,,0,0
62991463,"The Six Deaths of the Saint (Into Shadow, #3)",Alix E. Harrow,"Harrow, Alix E.",,"=""166250957X""","=""9781662509575""",4,4.31,Amazon Original Stories,Kindle Edition,31,2022,2022,2025/11/25,2024/12/31,buy,buy (#22),read,,,,1,0
70535,"2001: A Space Odyssey (Space Odyssey, #1)",Arthur C. Clarke,"Clarke, Arthur C.",,"=""""","=""""",3,4.18,Roc,Paperback,297,2000,1968,2025/11/24,2025/04/23,buy,buy (#21),read,,,,1,0
43459657,"Silver in the Wood (The Greenhollow Duology, #1)",Emily  Tesh,"Tesh, Emily",,"=""1250229790""","=""9781250229793""",0,3.98,Tordotcom,Paperback,112,2019,2019,,2025/05/15,"tbd, uncertain","tbd (#21), uncertain (#7)",tbd,,,,0,0
207585253,"Six Crimson Cranes (Six Crimson Cranes, #1)",Elizabeth Lim,"Lim, Elizabeth",,"=""1529356563""","=""9781529356564""",4,4.18,Hodder & Stoughton,Kindle Edition,481,2024,2021,2025/11/22,2024/12/23,bought,bought (#2),read,,,,1,0
58409712,"The Art of Prophecy (War Arts, #1)",Wesley Chu,"Chu, Wesley",,"=""0593237633""","=""9780593237632""",0,4.04,Del Rey,Hardcover,533,2022,2022,,2025/11/18,tbd,tbd (#58),tbd,,,,0,0
7126,The Count of Monte Cristo,Alexandre Dumas,"Dumas, Alexandre",Robin Buss,"=""0140449264""","=""9780140449266""",0,4.32,Penguin Classics,Paperback,1276,2003,1844,,2025/11/14,tbd,tbd (#56),tbd,,,,0,0
28110852,The Girl Who Drank the Moon,Kelly Barnhill,"Barnhill, Kelly",,"=""1616205679""","=""9781616205676""",0,4.11,"Little, Brown Books for Young Readers",Hardcover,388,2016,2016,,2025/11/08,tbd,tbd (#55),tbd,,,,0,0
13662,"The Tombs of Atuan (Earthsea Cycle, #2)",Ursula K. Le Guin,"Guin, Ursula K. Le",,"=""0689845367""","=""9780689845369""",0,4.14,Aladdin Paperbacks,Mass Market Paperback,180,2001,1971,,2025/11/08,"tbd, uncertain","tbd (#54), uncertain (#6)",tbd,,,,0,0
13642,"A Wizard of Earthsea (Earthsea Cycle, #1)",Ursula K. Le Guin,"Guin, Ursula K. Le",,"=""""","=""""",4,4.01,,Paperback,183,2004,1968,2025/11/08,2025/05/30,buy,buy (#19),read,,,,1,0
58416952,"The Will of the Many (Hierarchy, #1)",James  Islington,"Islington, James",,"=""1982141190""","=""9781982141196""",0,4.59,Gallery / Saga Press,Kindle Edition,639,2023,2023,,2024/09/01,"to-read, buy, high-priority","to-read (#3), buy (#1), high-priority (#2)",to-read,,,,0,0
11307615,The Grand Sophy,Georgette Heyer,"Heyer, Georgette",,"=""""","=""""",4,4.17,Cornerstone Digital,Kindle Edition,338,2011,1950,2025/11/04,2025/09/22,buy,buy (#18),read,,,,1,0
40604556,"Red Seas Under Red Skies (Gentleman Bastard, #2)",Scott Lynch,"Lynch, Scott",,"=""""","=""""",0,4.25,Del Rey,Kindle Edition,578,2018,2007,,2025/11/02,tbd,tbd (#53),tbd,,,,0,0
29588376,"The Lies of Locke Lamora (Gentleman Bastard, #1)",Scott Lynch,"Lynch, Scott",,"=""""","=""""",4,4.30,Spectra,Kindle Edition,752,2016,2006,2025/11/02,2025/03/18,bought,bought (#1),read,4.5 stars (the .5 stars was lost to moments of character inconsistency),,,1,0
25489134,"The Bear and the Nightingale (The Winternight Trilogy, #1)",Katherine Arden,"Arden, Katherine",,"=""1101885939""","=""9781101885932""",4,4.08,Del Rey,Hardcover,319,2017,2017,2025/10/27,2025/04/11,bought,bought (#4),read,,,,1,0
13456414,A Short Stay in Hell,Steven L. Peck,"Peck, Steven L.",,"=""098374842X""","=""9780983748427""",0,4.16,Strange Violin Editions,Paperback,108,2012,2011,,2024/12/27,"to-read, low-priority","to-read (#7), low-priority (#2)",to-read,,,,0,0
64216,"Guards! Guards! (Discworld, #8; City Watch, #1)",Terry Pratchett,"Pratchett, Terry",,"=""0061020648""","=""9780061020643""",0,4.34,HarperTorch,Mass Market Paperback,376,2001,1989,,2025/10/11,"to-read, low-priority","to-read (#22), low-priority (#1)",to-read,,,,0,0
33314081,The Stone Sky,N.K. Jemisin,"Jemisin, N.K.",,"=""""","=""""",4,4.33,Orbit,Kindle Edition,417,2017,2017,2025/10/22,2025/04/24,bought,bought (#29),read,,,,1,0
49826643,"Daughter of No Worlds (The War of Lost Hearts, #1)",Carissa Broadbent,"Broadbent, Carissa",,"=""""","=""""",0,4.02,,Kindle Edition,520,2020,2020,,2025/10/17,tbd,tbd (#50),tbd,,,,0,0
12968706,"The Well of Ascension (Mistborn, #2)",Brandon Sanderson,"Sanderson, Brandon",,"=""""","=""""",4,4.38,Gollancz,Kindle Edition,804,2010,2007,2025/06/21,2025/01/06,buy,buy (#6),read,"4.5 stars (The story: 5 stars, the execution: 4 stars)",,,1,0
222532704,Alchemised,SenLinYu,"SenLinYu, SenLinYu",,"=""1405969687""","=""9781405969680""",3,4.41,Penguin,Kindle Edition,1025,2025,2025,2025/10/15,2025/09/07,buy,buy (#16),read,3.5 stars,,,1,0
43352954,This Is How You Lose the Time War,Amal El-Mohtar,"El-Mohtar, Amal",Max Gladstone,"=""""","=""""",5,3.84,Saga Press,ebook,209,2019,2019,2024/09/01,2024/09/01,bought,bought (#12),read,"First things first, I understand why so many people feel aggrieved by this book. It’s marketed as science fiction about time travel, war, and enemies to lovers, and technically, all of that is true. But it’s also misleading. This is, first and foremost, poetry. Once you understand that, the flowery prose and endless metaphors stop feeling like an affront to storytelling because it was never really about the story in the conventional sense.<br/><br/>Blue and Red, as we never learn their true names, are enigmas. They exist as paradoxes of tenderness and destruction. They are as capable of loving as they are of killing, and in their world, those acts are not contradictions but two expressions of the same devotion. Their relationship thrives on risk. They trust each other enough to risk betrayal, knowing that betraying the other would mean exposing their own compromise. They live on that knife edge, bound by shared peril, exhilarated by it. I believe at first it was their thrill-seeking, pain-loving nature that convinced them to exchange letters, but with time that changed. The craving for something tainted bled into a longing for something tangible and familiar in an existence where neither past nor future truly aligns.<br/><br/>Who cares that these two time travelling agents are at war? (Well, I care a little, but that’s beside the point.) What matters is that they are both intense and lonely, painfully aware of how out of place they are even among their own kind. Disjointed and different in a way that cannot be seen, only felt. Though their factions are opposites, they are mirrors. Each devours the world with the same hunger and finds in the other someone who can finally bear the weight of their existence. They are, at their core, the same.<br/><br/>Their letters form a tapestry of history, art, trauma, and solitude. They know each other through words alone, more intimately than most people know their lovers. At times the prose feels impenetrable, but that too feels right. Their correspondence is encrypted to everyone but its intended recipient, and we are merely eavesdropping. Their words are too alive, too private, too strange for us to fully understand. The language is lush and tangled because love in its truest form rarely translates cleanly. It must be felt through the static.<br/><br/>For me, this book, this anthology of letters, was something rare and beautiful. It is longing made language, passion distilled to ink, and it deserves every ounce of praise it receives.<br/>",,,1,0
35068705,"The Poppy War (The Poppy War, #1)",R.F. Kuang,"Kuang, R.F.",,"=""0062662597""","=""9780062662590""",4,4.16,Harper Voyager,Kindle Edition,545,2018,2018,2024/09/01,2024/09/01,bought,bought (#19),read,"3.5 stars (first half: 4 stars, second half: 3 stars) <br/><br/>I liked it enough to finish it but not enough to continue with the series",,,1,0
77197,"Assassin's Apprentice (Farseer Trilogy, #1)",Robin Hobb,"Hobb, Robin",,"=""055357339X""","=""9780553573398""",5,4.19,Spectra Books,Mass Market Paperback,435,1996,1995,2025/10/03,2024/12/27,bought,bought (#3),read,"Like a flower that blooms unseen, Fitz changed quietly between the folds of the pages. He became something so familiar it felt like a reflection. Not because we are alike, but because I came to know him so well that he felt like a part of myself.<br/><br/>Writing, at its best, is a kind of engineering. It is designing and crafting something so intricate that it remains in motion even when step away. Hobb does this with extraordinary precision. <br/><br/>Her characters feel alive, every detail moving with purpose. Fitz, our lonely and lovable protagonist, is shaped with reverence. He is gentle, capable, intelligent, and heartbreakingly alone. A boy born of love and shame, carrying both like a second skin.<br/><br/>What gives the story its pulse is the cast that surrounds him. Each is selfish and flawed, guiding Fitz as much as they wound him. Their quiet cruelties make his isolation almost unbearable. Through their tangled relationships, Hobb makes the world itself begin to breathe.<br/><br/>Fitz’s story is not grand or glorious. It is the story of what it means to remain good when goodness gains you nothing.<br/><br/>Yet the ending falters. The reflections fade, the rhythm breaks, and the boy who once felt so known slips through our fingers. I imagine Hobb meant to mirror Fitz’s confusion but the execution feels rushed. The clarity that once defined him is lost, leaving Fitz’s logic unclear. At times he acted so unlike himself that I no longer recognised the boy I had come to know.<br/><br/>Even so, the book remains remarkable. The ending cost it perfection, but not beauty.<br/><br/>4.5 stars.<br/>",,,1,0
55835966,Bless the Daughter Raised by a Voice in Her Head,Warsan Shire,"Shire, Warsan",,"=""0593134354""","=""9780593134351""",4,4.20,Random House Trade Paperbacks,Paperback,86,2022,2022,2022/10/01,2025/10/13,,,read,,,,1,0
6605134,A River Dies of Thirst: Journals,Mahmoud Darwish,"Darwish, Mahmoud",Catherine Cobham,"=""0981955711""","=""9780981955711""",0,4.03,Archipelago,Paperback,153,2009,2008,,2025/10/13,"to-read, not-a-priority","to-read (#24), not-a-priority (#6)",to-read,,,,0,0
34484,"Small Gods (Discworld, #13)",Terry Pratchett,"Pratchett, Terry",,"=""0552152978""","=""9780552152976""",0,4.32,Corgi,Paperback,389,2005,1992,,2025/05/20,"to-read, not-a-priority","to-read (#23), not-a-priority (#5)",to-read,,,,0,0
205044632,"The Road of Bones (The Ashen, #1)",Demi Winters,"Winters, Demi",,"=""173899600X""","=""9781738996001""",0,4.21,Delacorte Press,Kindle Edition,500,2023,2023,,2025/10/04,tbd,tbd (#49),tbd,,,,0,0
28759,"Magic's Pawn (The Last Herald-Mage, #1)",Mercedes Lackey,"Lackey, Mercedes",,"=""0886773520""","=""9780886773526""",0,4.20,DAW Books Inc,Mass Market Paperback,349,1989,1989,,2025/10/01,tbd,tbd (#48),tbd,,,,0,0
13986,"Arrows of the Queen (Heralds of Valdemar, #1)",Mercedes Lackey,"Lackey, Mercedes",,"=""0886773784""","=""9780886773786""",0,4.13,DAW Books,Mass Market Paperback,320,1987,1987,,2025/10/01,tbd,tbd (#47),tbd,,,,0,0
49151031,The Midnight Bargain,C.L. Polk,"Polk, C.L.",,"=""1645660079""","=""9781645660071""",0,3.75,Erewhon,Hardcover,375,2020,2020,,2025/09/22,tbd,tbd (#46),tbd,,,,0,0
223081646,"Children of Time (Children of Time, #1)",Adrian Tchaikovsky,"Tchaikovsky, Adrian",,"=""""","=""""",4,4.30,Pan,Kindle Edition,609,2024,2015,2025/08/30,2025/03/18,buy,buy (#15),read,"Children of Time felt like a love letter to Darwin’s theory of evolution, a sweeping dream about progress and adaptation, tied into a book that often read more like a thesis than a novel.<br/><br/>Tchaikovsky brilliantly highlights that what makes humanity great is also what makes it terrible. Our strengths are our flaws; what builds us also breaks us. The intrigue lies not in the cycle, but in how we attempt to break it.<br/><br/>The book shines in its depiction of civilisation rising and falling. The events unfold with such cohesion and inevitability that it reads less like invention and more like a historical record. The concept is executed with incredible scope and intelligence and an almost clinical precision. <br/><br/>But that is also why it did not surpass four stars for me. Children of Time failed to fully engage me on an emotional level.<br/><br/>We follow the spiders’ accelerated evolution in snapshots across centuries. It is a fascinating narrative device, but it means we never stay with a single character long enough to form a true attachment. Instead of individual arcs, we witness the development of a species. While this is clever, it leaves the spiders, despite their mimicry of human society with religion and fanaticism, feeling more like case studies than characters.<br/><br/>The humans aboard the Gilgamesh provide the emotional counterpoint, but even here the execution fell flat. The narrative often revisits the same handful of crew members, yet they lack weight as protagonists. Holsten, the supposed central perspective, feels more like a passive observer than an active participant. Lain shows far more spark and depth, but we are rarely given the chance to see the story through her eyes.<br/><br/>The result is a book that is impressive, expansive, and deeply intelligent, but not immersive. At times, it felt like I was reading a study on a fascinating subject: intellectually gratifying, yes, but often heavy, even homework like.<br/><br/>For that reason, I will not be continuing the series. Still, I cannot fault Tchaikovsky’s vision or skill, and I would recommend Children of Time to readers with a scientific or historical inclination. It is a remarkable piece of speculative fiction, just not one that left me emotionally invested.<br/>",true,,1,0
55077697,"The Blacktongue Thief (Blacktongue, #1)",Christopher Buehlman,"Buehlman, Christopher",,"=""1250621194""","=""9781250621191""",3,4.19,Tor Books,Hardcover,416,2021,2021,2025/09/14,2025/05/12,,,read,DNF - 26% (Not sure if it was the book or the audiobook reader but I was so bored),,,1,0
214565614,The Buffalo Hunter Hunter,Stephen Graham Jones,"Jones, Stephen Graham",,"=""1668075083""","=""9781668075081""",0,4.01,S&S/Saga Press,Hardcover,448,2025,2025,,2025/09/12,tbd,tbd (#45),tbd,,,,0,0
61294937,"The Adventures of Amina al-Sirafi (Amina al-Sirafi, #1)",Shannon Chakraborty,"Chakraborty, Shannon",S.A. Chakraborty,"=""""","=""""",3,4.25,Harper Voyager,Hardcover,483,2023,2023,2025/09/11,2025/03/18,buy,buy (#13),read,3.5 stars,,,1,0
57693406,The Kaiju Preservation Society,John Scalzi,"Scalzi, John",,"=""0765389126""","=""9780765389121""",0,3.98,Tor Books,Hardcover,264,2022,2022,,2025/03/21,"tbd, uncertain","tbd (#15), uncertain (#5)",tbd,,,,0,0
25326486,"Orconomics (The Dark Profit Saga, #1)",J. Zachary Pike,"Pike, J. Zachary",,"=""""","=""""",0,4.27,Gnomish Press LLC,Paperback,340,2014,2014,,2025/07/30,"tbd, uncertain","tbd (#31), uncertain (#4)",tbd,,,,0,0
61886,"The Curse of Chalion (World of the Five Gods, #1)",Lois McMaster Bujold,"Bujold, Lois McMaster",,"=""0007133618""","=""9780007133611""",0,4.18,Voyager,Paperback,490,2003,2001,,2025/04/15,tbc,tbc (#7),tbc,,,,0,0
22299763,"Crooked Kingdom (Six of Crows, #2)",Leigh Bardugo,"Bardugo, Leigh",,"=""""","=""""",0,4.57,Orion Children's Books,Kindle Edition,561,2016,2016,,2025/04/04,"tbc, on-my-kindle","tbc (#4), on-my-kindle (#11)",tbc,,,,0,0
35519101,"Rogue Protocol (The Murderbot Diaries, #3)",Martha Wells,"Wells, Martha",,"=""1250191785""","=""9781250191786""",0,4.24,Tor.com,Hardcover,159,2018,2018,,2025/04/04,tbc,tbc (#6),tbc,,,,0,0
41886271,The Sword of Kaigen,M.L. Wang,"Wang, M.L.",,"=""""","=""""",0,4.44,Amazon Digital Services,Kindle Edition,651,2019,2019,,2025/04/14,"tbc, bought","tbc (#1), bought (#27)",tbc,,,,0,0
56978100,The Girl Who Fell Beneath the Sea,Axie Oh,"Oh, Axie",,"=""1250780861""","=""9781250780867""",0,4.08,Feiwel & Friends,Hardcover,325,2022,2022,,2025/04/14,"tbc, bought","tbc (#2), bought (#26)",tbc,,,,0,0
30841984,"Kings of the Wyld (The Band, #1)",Nicholas Eames,"Eames, Nicholas",,"=""0316362476""","=""9780316362474""",0,4.26,Orbit,Paperback,544,2017,2017,,2025/01/07,"tbc, on-my-kindle","tbc (#5), on-my-kindle (#9)",tbc,,,,0,0
52694527,"The Shadow of the Gods (The Bloodsworn Saga, #1)",John Gwynne,"Gwynne, John",,"=""0356514188""","=""9780356514185""",0,4.19,Orbit,Hardcover,480,2021,2021,,2025/03/19,"tbc, on-my-kindle","tbc (#3), on-my-kindle (#10)",tbc,,,,0,0
57905101,"The Gate of the Feral Gods (Dungeon Crawler Carl, #4)",Matt Dinniman,"Dinniman, Matt",,"=""""","=""""",0,4.55,Dandy House,Kindle Edition,586,2021,2021,,2025/01/19,tbc,tbc (#8),tbc,,,,0,0
35074096,"Mythos: The Greek Myths Retold (Stephen Fry's Great Mythology, #1)",Stephen Fry,"Fry, Stephen",,"=""0718188721""","=""9780718188726""",0,4.26,Michael Joseph,Hardcover,416,2017,2017,,2025/08/28,tbd,tbd (#44),tbd,,,,0,0
10790290,"Theft of Swords (The Riyria Revelations, #1-2)",Michael J. Sullivan,"Sullivan, Michael J.",,"=""0316187747""","=""9780316187749""",1,4.23,Orbit,Paperback,691,2011,2011,,2025/03/18,,,read,DNF 31%,,,1,0
218624103,"Swordheart (Swordheart, #1)",T. Kingfisher,"Kingfisher, T.",,"=""1250400228""","=""9781250400222""",2,4.07,Bramble,Hardcover,448,2025,2018,,2025/04/18,,,read,DNF 57%,,,1,0
3409633,The Complete Works of Khalil Gibran,Kahlil Gibran,"Gibran, Kahlil",,"=""8184081170""","=""9788184081176""",0,4.37,,Paperback,,2007,1964,,2025/03/19,"to-read, buy, not-a-priority","to-read (#10), buy (#10), not-a-priority (#4)",to-read,,,,0,0
18007564,The Martian,Andy Weir,"Weir, Andy",,"=""0804139024""","=""9780804139021""",4,4.42,Ballantine Books,Hardcover,384,2014,2011,2025/05/10,2025/02/23,buy,buy (#9),read,3.5 stars,,,1,0
195512668,"The Tainted Cup (Shadow of the Leviathan, #1)",Robert Jackson Bennett,"Bennett, Robert Jackson",,"=""1399725378""","=""9781399725378""",4,4.30,Hodderscape,Kindle Edition,432,2024,2024,2025/08/18,2024/10/05,buy,buy (#11),read,4.5 stars,,,1,0
54493401,Project Hail Mary,Andy Weir,"Weir, Andy",,"=""0593135202""","=""9780593135204""",4,4.50,Ballantine Books,Hardcover,476,2021,2021,2024/09/01,2024/09/01,,,read,4.5 stars,,,1,0
17910048,"The Goblin Emperor (The Chronicles of Osreth, #1)",Katherine Addison,"Addison, Katherine",,"=""076532699X""","=""9780765326997""",4,4.06,Tor Books,Hardcover,446,2014,2014,2025/04/30,2025/04/11,bought,bought (#32),read,4.5 Stars,,,1,0
902,The Westing Game,Ellen Raskin,"Raskin, Ellen",,"=""014240120X""","=""9780142401200""",0,3.99,Puffin,Paperback,182,2004,1978,,2025/08/16,tbd,tbd (#43),tbd,,,,0,0
26118426,"Ninefox Gambit (The Machineries of Empire, #1)",Yoon Ha Lee,"Lee, Yoon Ha",,"=""""","=""""",0,3.79,Solaris Books,Paperback,384,2016,2016,,2025/08/16,tbd,tbd (#42),tbd,,,,0,0
195391688,"The Bone Season (The Bone Season, #1)",Samantha Shannon,"Shannon, Samantha",,"=""163973418X""","=""9781639734184""",0,3.84,Bloomsbury Publishing,Paperback,624,2024,2013,,2024/09/01,"to-read, bought, not-a-priority","to-read (#11), bought (#5), not-a-priority (#3)",to-read,,,,0,0
139400713,Martyr!,Kaveh Akbar,"Akbar, Kaveh",,"=""0593537610""","=""9780593537619""",0,4.16,Knopf,Hardcover,331,2024,2024,,2025/08/13,tbd,tbd (#40),tbd,,,,0,0
12000020,"Aristotle and Dante Discover the Secrets of the Universe (Aristotle and Dante, #1)",Benjamin Alire Sáenz,"Sáenz, Benjamin Alire",,"=""1442408928""","=""9781442408920""",0,4.29,Simon & Schuster Books for Young Readers,Hardcover,390,2012,2012,,2025/08/13,tbd,tbd (#39),tbd,,,,0,0
44767458,"Dune (Dune, #1)",Frank Herbert,"Herbert, Frank",,"=""059309932X""","=""9780593099322""",0,4.29,Ace,Hardcover,658,2019,1965,,2025/08/13,tbd,tbd (#37),tbd,,,,0,0
9305362,"Captive Prince (Captive Prince, #1)",C.S. Pacat,"Pacat, C.S.",,"=""""","=""""",0,3.78,,ebook,240,2012,2013,,2025/08/13,tbd,tbd (#36),tbd,,,,0,0
23878,Chronicle of a Death Foretold (Vintage International),Gabriel García Márquez,"Márquez, Gabriel García",Gregory Rabassa,"=""140003471X""","=""9781400034710""",0,3.97,Vintage,Paperback,120,2003,1981,,2025/08/13,tbd,tbd (#35),tbd,,,,0,0
195790755,"The Silverblood Promise (The Last Legacy, #1)",James   Logan,"Logan, James",,"=""1250345804""","=""9781250345806""",0,3.96,Tor,Paperback,528,2024,2024,,2025/08/09,tbd,tbd (#34),tbd,,,,0,0
43615,"The Gunslinger (The Dark Tower, #1)",Stephen  King,"King, Stephen",,"=""1501143514""","=""9781501143519""",0,3.91,Plume,Paperback,231,2003,1982,,2025/08/07,tbd,tbd (#33),tbd,,,,0,0
214229274,"Grave Empire (The Great Silence, #1)",Richard  Swan,"Swan, Richard",,"=""""","=""""",0,4.06,Orbit,Kindle Edition,529,2025,2025,,2025/07/30,tbd,tbd (#32),tbd,,,,0,0
50396998,Spinning Silver,Naomi Novik,"Novik, Naomi",,"=""1509899030""","=""""",4,4.18,Macmillan,Kindle Edition,482,2020,2018,2025/07/10,2025/04/11,buy,buy (#12),read,,,,1,0
57915993,Blood Over Bright Haven,M.L. Wang,"Wang, M.L.",,"=""""","=""""",4,4.34,M.L. Wang,Kindle Edition,527,2023,2023,2025/04/15,2024/09/07,bought,bought (#31),read,,,,1,0
29508057,The Obelisk Gate (The Broken Earth #2),N.K. Jemisin,"Jemisin, N.K.",,"=""0356504891""","=""9780356504896""",5,4.29,Orbit,Kindle Edition,408,2016,2016,2025/05/28,2025/04/23,bought,bought (#30),read,,,,1,0
58903051,Nettle & Bone,T. Kingfisher,"Kingfisher, T.",,"=""1789098289""","=""""",3,4.08,Titan Books,Kindle Edition,257,2022,2022,2025/03/18,2025/02/16,bought,bought (#15),read,,,,1,0
36223860,"Artificial Condition (The Murderbot Diaries, #2)",Martha Wells,"Wells, Martha",,"=""""","=""""",3,4.25,Tor.com,Hardcover,158,2018,2018,2025/04/09,2025/02/17,,,read,,,,1,0
17934530,"Annihilation (Southern Reach, #1)",Jeff Vandermeer,"Vandermeer, Jeff",,"=""0374104093""","=""9780374104092""",0,3.80,"Farrar, Straus and Giroux",Paperback,195,2014,2014,,2025/06/23,tbd,tbd (#30),tbd,,,,0,0
92121,"Nine Princes in Amber (The Chronicles of Amber, #1)",Roger Zelazny,"Zelazny, Roger",,"=""0380014300""","=""9780380014309""",0,4.05,Avon,Mass Market Paperback,175,1986,1970,,2025/06/14,tbd,tbd (#29),tbd,,,,0,0
24473763,"Radiance (Wraith Kings, #1)",Grace Draven,"Draven, Grace",,"=""""","=""""",3,3.98,Grace Draven,Kindle Edition,297,2015,2015,2025/05/31,2025/05/04,,,read,,,,1,0
77566,"Hyperion (Hyperion Cantos, #1)",Dan Simmons,"Simmons, Dan",,"=""0553283685""","=""9780553283686""",0,4.27,Bantam Doubleday Dell Publishing Group,Mass Market Paperback,500,1990,1989,,2025/05/28,tbd,tbd (#27),tbd,,,,0,0
60731802,"The Lord Sorcier (Regency Faerie Tales, #0.5)",Olivia Atwater,"Atwater, Olivia",,"=""""","=""""",3,3.55,,ebook,44,2022,2020,,2025/05/24,,,read,,,,1,0
50892360,"Black Sun (Between Earth and Sky, #1)",Rebecca Roanhorse,"Roanhorse, Rebecca",,"=""1534437673""","=""9781534437678""",0,4.17,Saga Press,Hardcover,454,2020,2020,,2024/09/02,"tbd, uncertain","tbd (#7), uncertain (#3)",tbd,,,,0,0
217387849,"Anji Kills a King (The Rising Tide, #1)",Evan Leikam,"Leikam, Evan",,"=""125036924X""","=""9781250369246""",0,3.64,Tor Books,Paperback,353,2025,2025,,2025/05/22,tbd,tbd (#25),tbd,,,,0,0
195790546,"In the Shadow of the Fall (Guardians of the Gods, #1)",Tobi Ogundiran,"Ogundiran, Tobi",,"=""1250907969""","=""9781250907967""",0,3.88,Tordotcom,Hardcover,149,2024,2024,,2025/02/16,"tbd, uncertain","tbd (#5), uncertain (#2)",tbd,,,,0,0
61215351,"The Fellowship of the Ring (The Lord of the Rings, #1)",J.R.R. Tolkien,"Tolkien, J.R.R.",,"=""""","=""""",0,4.41,William Morrow,Kindle Edition,432,2022,1954,,2025/05/20,tbd,tbd (#24),tbd,,,,0,0
36578543,"Fireborne (The Aurelian Cycle, #1)",Rosaria Munda,"Munda, Rosaria",,"=""0525518215""","=""9780525518211""",0,3.89,G.P. Putnam's Sons Books for Young Readers,Hardcover,432,2019,2019,,2025/05/17,tbd,tbd (#23),tbd,,,,0,0
18952341,"The Grace of Kings (The Dandelion Dynasty, #1)",Ken Liu,"Liu, Ken",,"=""1481424270""","=""9781481424271""",0,3.80,Saga Press,Hardcover,640,2015,2015,,2025/05/17,tbd,tbd (#22),tbd,,,,0,0
37173847,"Foundryside (The Founders Trilogy, #1)",Robert Jackson Bennett,"Bennett, Robert Jackson",,"=""1524760374""","=""9781524760373""",4,4.16,Crown,Kindle Edition,501,2018,2018,2025/05/14,2025/03/18,buy,buy (#14),read,,,,1,0
61287784,Where the Dark Stands Still,A.B. Poranek,"Poranek, A.B.",,"=""""","=""""",0,4.04,McElderry Books,ebook,336,2024,2024,,2025/05/13,tbd,tbd (#20),tbd,,,,0,0
42036538,"Gideon the Ninth (The Locked Tomb, #1)",Tamsyn Muir,"Muir, Tamsyn",,"=""1250313198""","=""9781250313195""",0,4.19,Tor,Hardcover,448,2019,2019,,2025/03/21,"tbd, uncertain","tbd (#19), uncertain (#1)",tbd,,,,0,0
48496334,Piranesi,Susanna Clarke,"Clarke, Susanna",,"=""""","=""""",5,4.21,Bloomsbury Publishing,Kindle Edition,273,2020,2020,2024/10/02,2024/09/02,bought,bought (#22),read,,,,1,0
60531416,"Yumi and the Nightmare Painter (Hoid's Travails, #2)",Brandon Sanderson,"Sanderson, Brandon",Aliya Chen,"=""1938570375""","=""9781938570377""",2,4.44,Dragonsteel Entertainment,Hardcover,480,2023,2023,2024/09/25,2024/09/01,bought,bought (#21),read,,,,1,0
45712276,"Vicious (Villains, #1)",V.E. Schwab,"Schwab, V.E.",,"=""""","=""""",3,4.18,Titan Books,Kindle Edition,402,2014,2013,2025/01/07,2024/10/15,bought,bought (#20),read,,,,1,0
50659467,"A Court of Thorns and Roses (A Court of Thorns and Roses, #1)",Sarah J. Maas,"Maas, Sarah J.",,"=""1635575567""","=""9781635575569""",2,4.16,Bloomsbury Publishing,Paperback,419,2020,2015,2024/09/01,2024/09/01,bought,bought (#18),read,,,,1,0
55868456,The Spear Cuts Through Water,Simon Jimenez,"Jimenez, Simon",,"=""0593156595""","=""9780593156599""",4,4.14,Del Rey,Hardcover,525,2022,2022,2024/12/23,2024/10/07,bought,bought (#17),read,,,,1,0
190165394,"All Systems Red (The Murderbot Diaries, #1)",Martha Wells,"Wells, Martha",,"=""""","=""""",3,4.12,Tordotcom,Kindle Edition,156,2017,2017,2025/02/18,2024/09/03,bought,bought (#16),read,,,,1,0
60717747,"Half a Soul (Regency Faerie Tales, #1)",Olivia Atwater,"Atwater, Olivia",,"=""""","=""9780316462808""",4,4.05,Orbit,Kindle Edition,305,2022,2020,2025/04/10,2025/02/27,bought,bought (#14),read,,,,1,0
63237699,"Emily Wilde’s Encyclopaedia of Faeries (Emily Wilde, #1)",Heather Fawcett,"Fawcett, Heather",,"=""0356519112""","=""9780356519111""",3,3.96,Orbit,Kindle Edition,354,2023,2023,2025/04/19,2025/04/15,bought,bought (#13),read,,,,1,0
57346848,"Red Rising (Red Rising Saga, #1)",Pierce Brown,"Brown, Pierce",,"=""""","=""""",4,4.27,Hodder & Stoughton,Kindle Edition,401,2021,2014,2025/01/18,2024/09/07,bought,bought (#11),read,,,,1,0
23437156,"Six of Crows (Six of Crows, #1)",Leigh Bardugo,"Bardugo, Leigh",,"=""1627792120""","=""9781627792127""",3,4.46,Henry Holt & Company,Hardcover,480,2015,2015,2024/09/01,2024/09/01,bought,bought (#10),read,,,,1,0
19161852,The Fifth Season (The Broken Earth #1),N.K. Jemisin,"Jemisin, N.K.",,"=""""","=""""",5,4.29,Orbit,Paperback,468,2015,2015,2025/04/23,2024/09/24,bought,bought (#9),read,,,,1,0
55339276,Legendborn (Legendborn #1),Tracy Deonn,"Deonn, Tracy",,"=""""","=""""",3,4.30,Simon & Schuster Children's UK,Kindle Edition,512,2020,2020,2025/04/28,2024/09/26,bought,bought (#8),read,,,,1,0
204649558,"The Final Empire (Mistborn, #1)",Brandon Sanderson,"Sanderson, Brandon",,"=""""","=""""",4,4.49,Gollancz,Kindle Edition,647,2024,2006,2025/01/13,2024/09/01,bought,bought (#7),read,,,,1,0
54659324,"Dungeon Crawler Carl (Dungeon Crawler Carl, #1)",Matt Dinniman,"Dinniman, Matt",,"=""""","=""""",4,4.49,Dandy House,Kindle Edition,446,2020,2020,2024/12/29,2024/12/21,bought,bought (#6),read,,,,1,0
55069591,"Dreams of the Dying (The Twelfth World, #1)",Nicolas Lietzau,"Lietzau, Nicolas",,"=""3982216710""","=""9783982216713""",0,4.21,Nicolas Lietzau,Kindle Edition,728,2020,2020,,2025/05/03,tbd,tbd (#18),tbd,,,,0,0
55278507,"Shards of Earth (The Final Architecture, #1)",Adrian Tchaikovsky,"Tchaikovsky, Adrian",Sophie Aldred,"=""1549106392""","=""9781549106392""",0,4.18,Orbit,Audiobook,,2021,2021,,2025/04/23,tbd,tbd (#17),tbd,,,,0,0
24303304,"Golden Son (Red Rising Trilogy, #2)",Pierce Brown,"Brown, Pierce",,"=""1444759043""","=""""",3,4.50,Hodderscape,Kindle Edition,442,2015,2015,2025/03/12,2025/01/18,buy,buy (#8),read,,,,1,0
13928,"Daughter of the Forest  (Sevenwaters, #1)",Juliet Marillier,"Marillier, Juliet",,"=""""","=""""",0,4.29,Tom Doherty Associates,Mass Market Paperback,554,2002,1999,,2025/04/15,"to-read, not-a-priority","to-read (#12), not-a-priority (#2)",to-read,,,,0,0
14201,Jonathan Strange & Mr Norrell,Susanna Clarke,"Clarke, Susanna",,"=""""","=""""",0,3.87,Tor Books,Paperback,1006,2006,2004,,2025/03/18,tbd,tbd (#11),tbd,,,,0,0
27833670,Dark Matter,Blake Crouch,"Crouch, Blake",,"=""1101904224""","=""9781101904220""",0,4.13,Ballantine Books,Hardcover,342,2016,2016,,2024/09/01,"on-my-kindle, to-read, not-a-priority","on-my-kindle (#1), to-read (#5), not-a-priority (#1)",to-read,,,,1,0
36373298,"Trail of Lightning (The Sixth World, #1)",Rebecca Roanhorse,"Roanhorse, Rebecca",,"=""1534413499""","=""9781534413498""",0,3.95,Saga Press,Hardcover,287,2018,2018,,2025/02/15,tbd,tbd (#4),tbd,,,,0,0
91981,"The Dragonbone Chair (Memory, Sorrow, and Thorn, #1)",Tad Williams,"Williams, Tad",,"=""0756402697""","=""9780756402693""",0,3.97,DAW,Paperback,672,2005,1988,,2025/03/20,tbd,tbd (#14),tbd,,,,0,0
22733729,"The Long Way to a Small, Angry Planet (Wayfarers, #1)",Becky Chambers,"Chambers, Becky",,"=""1500453307""","=""9781500453305""",0,4.17,CreateSpace Independent Publishing Platform ,Paperback,518,2014,2014,,2025/03/18,tbd,tbd (#13),tbd,,,,0,0
30558257,"Unsouled (Cradle, #1)",Will Wight,"Wight, Will",,"=""""","=""""",0,4.14,Hidden Gnome Publishing,Kindle Edition,294,2016,2016,,2025/03/18,tbd,tbd (#12),tbd,,,,0,0
57090436,"The Prison Healer (The Prison Healer, #1)",Lynette Noni,"Noni, Lynette",,"=""1529360390""","=""9781529360394""",2,4.17,Hodder & Stoughton,Kindle Edition,421,2021,2021,2024/12/24,2024/12/23,,,read,,,,1,0
58132544,"A River Enchanted (Elements of Cadence, #1)",Rebecca   Ross,"Ross, Rebecca",,"=""0063055988""","=""9780063055988""",0,4.06,Harper Voyager,Hardcover,467,2022,2022,,2025/02/27,tbd,tbd (#10),tbd,,,,0,0
197491143,Artificial Wisdom,Thomas R. Weaver,"Weaver, Thomas R.",,"=""1739434307""","=""9781739434304""",0,3.92,Chainmaker Press,Hardcover,433,2023,2023,,2024/10/27,tbd,tbd (#9),tbd,,,,0,0
55399,"Gardens of the Moon (Malazan Book of the Fallen, #1)",Steven Erikson,"Erikson, Steven",,"=""0765348780""","=""9780765348784""",0,3.93,Tor Books,Mass Market Paperback,666,2005,1999,,2025/02/14,tbd,tbd (#8),tbd,,,,0,0
127305606,The Dead Cat Tail Assassins,P. Djèlí Clark,"Clark, P. Djèlí",,"=""1250767040""","=""9781250767042""",0,3.84,Tordotcom,Hardcover,213,2024,2024,,2025/02/16,tbd,tbd (#6),tbd,,,,0,0
57789637,"Daughter of the Moon Goddess (The Celestial Kingdom, #1)",Sue Lynn Tan,"Tan, Sue Lynn",Kuri Huang,"=""0063031302""","=""9780063031302""",0,4.07,Harper Voyager,Hardcover,503,2022,2022,,2025/02/16,tbd,tbd (#2),tbd,,,,0,0
75593500,"These Burning Stars (The Kindom Trilogy, #1)",Bethany Jacobs,"Jacobs, Bethany",,"=""0316463329""","=""9780316463324""",0,4.12,Orbit,Paperback,464,2023,2023,,2024/09/28,"tbd, uncertain","tbd (#1), uncertain (#13)",tbd,,,,0,0
56377548,"Carl's Doomsday Scenario (Dungeon Crawler Carl, #2)",Matt Dinniman,"Dinniman, Matt",,"=""""","=""""",4,4.51,Dandy House,Kindle Edition,364,2021,2021,2025/01/14,2024/12/29,buy,buy (#3),read,,,,1,0
57001971,"The Dungeon Anarchist's Cookbook (Dungeon Crawler Carl, #3)",Matt Dinniman,"Dinniman, Matt",,"=""""","=""""",3,4.44,Dandy House,Kindle Edition,534,2021,2021,2025/02/16,2025/01/14,buy,buy (#5),read,,,,1,0
54203816,"The Empress of Salt and Fortune (The Singing Hills Cycle, #1)",Nghi Vo,"Vo, Nghi",,"=""""","=""""",3,3.91,Tor.com,Kindle Edition,124,2020,2020,2025/01/15,2024/12/25,buy,buy (#2),read,,,,1,0
